StartDate,EndDate,Status,IPAddress,Progress,Duration (in seconds),Finished,RecordedDate,ResponseId,RecipientLastName,RecipientFirstName,RecipientEmail,ExternalReference,LocationLatitude,LocationLongitude,DistributionChannel,UserLanguage,Q1.1,Q2.1,Q2.2,Q2.3,Q2.4,Q2.5,Q2.6,Q2.7,Q2.8_1,Q2.8_2,Q2.9,Q2.10,Q2.11,Q2.12,Q2.13,Q2.14,Q2.15,Q2.16_1,Q2.16_2,Q2.16_3,Q2.16_4,Q2.17,Q3.1,Q4.2_First Click,Q4.2_Last Click,Q4.2_Page Submit,Q4.2_Click Count,Q4.4_First Click,Q4.4_Last Click,Q4.4_Page Submit,Q4.4_Click Count,1_pref,2_pref,3_pref,4_pref,5_full_pref_1,5_full_pref_2,5_full_pref_3,5_full_pref_4,6_full_pref_1,6_full_pref_2,6_full_pref_3,6_full_pref_4,7_full_pref_1,7_full_pref_2,7_full_pref_3,7_full_pref_4,8_full_pref_1,8_full_pref_2,8_full_pref_3,8_full_pref_4,Q7.1,Q7.2,Q7.3,choice1_party1,choice1_party2,choice1_gender1,choice1_gender2,choice1_race1,choice1_race2,choice1_exp1,choice1_exp2,choice1_edu1,choice1_edu2,choice1_tweet1,choice1_tweet2,choice2_party1,choice2_party2,choice2_gender1,choice2_gender2,choice2_race1,choice2_race2,choice2_exp1,choice2_exp2,choice2_edu1,choice2_edu2,choice2_tweet1,choice2_tweet2,choice3_party1,choice3_party2,choice3_gender1,choice3_gender2,choice3_race1,choice3_race2,choice3_exp1,choice3_exp2,choice3_edu1,choice3_edu2,choice3_tweet1,choice3_tweet2,choice4_party1,choice4_party2,choice4_gender1,choice4_gender2,choice4_race1,choice4_race2,choice4_exp1,choice4_exp2,choice4_edu1,choice4_edu2,choice4_tweet1,choice4_tweet2,choice5_party1,choice5_party2,choice5_gender1,choice5_gender2,choice5_race1,choice5_race2,choice5_exp1,choice5_exp2,choice5_edu1,choice5_edu2,choice5_tweet1,choice5_tweet2,choice6_party1,choice6_party2,choice6_gender1,choice6_gender2,choice6_race1,choice6_race2,choice6_exp1,choice6_exp2,choice6_edu1,choice6_edu2,choice6_tweet1,choice6_tweet2,choice7_party1,choice7_party2,choice7_gender1,choice7_gender2,choice7_race1,choice7_race2,choice7_exp1,choice7_exp2,choice7_edu1,choice7_edu2,choice7_tweet1,choice7_tweet2,choice8_party1,choice8_party2,choice8_gender1,choice8_gender2,choice8_race1,choice8_race2,choice8_exp1,choice8_exp2,choice8_edu1,choice8_edu2,choice8_tweet1,choice8_tweet2,ref,start_survey,Q_URL,Random_ID,random_number
30/04/2021 08:01,30/04/2021 08:05,IP Address,68.179.240.85,100,290,TRUE,30/04/2021 08:05,R_1MWHCHJ8iXMZXQw,,,,,35.60650635,-92.27420044,anonymous,EN,"I agree to participate, begin the study",45 - 54,Arkansas,Republican,,Conservative,Very interested,Male,18,83,It is now a little better,Graduate degree,Not at all,I know someone who has had the disase,Yes,Increased,White,Men,Women,Men,Women,Social Media,"Because no politician wants to make the right choices, for fear of being punished by their constiuents at the next election",0,0,6.055,0,0,0,8.362,0,Candidate B,Candidate B,Candidate A,Candidate B,Candidate B,Candidate B,Candidate B,Candidate B,Candidate A,Candidate A,Candidate A,Candidate A,Candidate B,Candidate B,Candidate B,Candidate B,Candidate B,Candidate B,Candidate B,Candidate B,I am looking forward to being able to travel this summer. ,I paid close attention to the candidate profiles.,NA,Democrat,Independent,Male,Male,Caucasian,Asian,0 years,5 years ,Graduate degree,High School,https://eui.eu.qualtrics.com/ControlPanel/Graphic.php?IM=IM_cHfyyiMy5p9Owmi,https://eui.eu.qualtrics.com/ControlPanel/Graphic.php?IM=IM_1AmyW3PQYdcSOMK,Democrat,Independent,Female,Female,Caucasian,Asian,15 years ,15 years ,Graduate degree,College,https://eui.eu.qualtrics.com/ControlPanel/Graphic.php?IM=IM_ezlXMGH85z9JY4m,https://eui.eu.qualtrics.com/ControlPanel/Graphic.php?IM=IM_9o7iqtqBhvKLMsS,Democrat,Democrat,Male,Female,Caucasian,Hispanic,10 years ,10 years ,Graduate degree,High School,https://eui.eu.qualtrics.com/ControlPanel/Graphic.php?IM=IM_9N1WYP3bCADGAwm,https://eui.eu.qualtrics.com/ControlPanel/Graphic.php?IM=IM_9N1WYP3bCADGAwm,Republican,Republican,Male,Male,Asian,African American,15 years ,5 years ,High School,High School,https://eui.eu.qualtrics.com/ControlPanel/Graphic.php?IM=IM_5v6iF9e7d9iQWcm,https://eui.eu.qualtrics.com/ControlPanel/Graphic.php?IM=IM_cHfyyiMy5p9Owmi,Democrat,Democrat,Female,Female,Caucasian,African American, None,5 years ,College,High School,https://eui.eu.qualtrics.com/ControlPanel/Graphic.php?IM=IM_6lhzy7XX6SMpvtc,https://eui.eu.qualtrics.com/ControlPanel/Graphic.php?IM=IM_5v6iF9e7d9iQWcm,Democrat,Democrat,Female,Male,Caucasian,Caucasian, None,10 years ,College,High School,https://eui.eu.qualtrics.com/ControlPanel/Graphic.php?IM=IM_8dkpxzhdaeMGDmC,https://eui.eu.qualtrics.com/ControlPanel/Graphic.php?IM=IM_42ZpZaxtqsxSCmW,Independent,Independent,Female,Female,Caucasian,Caucasian, None,15 years ,Graduate degree,High School,https://eui.eu.qualtrics.com/ControlPanel/Graphic.php?IM=IM_7OO9IdmrIRDVMjA,https://eui.eu.qualtrics.com/ControlPanel/Graphic.php?IM=IM_aW2GdL0duOmr46W,Republican,Republican,Male,Female,African American,Caucasian,5 years ,15 years ,College,Graduate degree,https://eui.eu.qualtrics.com/ControlPanel/Graphic.php?IM=IM_5v6iF9e7d9iQWcm,https://eui.eu.qualtrics.com/ControlPanel/Graphic.php?IM=IM_8dkpxzhdaeMGDmC,,immigration,https://eui.eu.qualtrics.com/jfe/form/SV_24X9nMInl5wOWTY?{e://Field/start_survey}&,,0
30/04/2021 08:00,30/04/2021 08:14,IP Address,104.35.170.65,100,845,TRUE,30/04/2021 08:14,R_30bFOrNEYEHrAy7,,,,,34.14830017,-118.0016022,anonymous,EN,"I agree to participate, begin the study",55 - 64,California,Republican,,Conservative,Somewhat interested,Female,75,30,It has not changed,High school graduate,Not at all,I do not know anyone who has had it,No,Increased,White,Men,Women,Men,No difference,Social Media,because the politican parties don't agree on what to do to handle the crisis so that is why it is so difficult to solve,1.423,4.764,15.444,2,6.581,14.581,28.319,3,Candidate B,Candidate B,Candidate B,Candidate A,Candidate A,Candidate A,Candidate A,Candidate A,Candidate B,Candidate B,Candidate B,Candidate B,Candidate A,Candidate A,Candidate A,Candidate A,Candidate A,Candidate A,Candidate A,Candidate A,I am looking forward to visting my family and going tot the beach.,I paid close attention to the candidate profiles.,,Republican,Independent,Female,Female,Hispanic,Caucasian,0 years,10 years ,Graduate degree,High School,https://eui.eu.qualtrics.com/ControlPanel/Graphic.php?IM=IM_abBFEsXUNaU4tdc,https://eui.eu.qualtrics.com/ControlPanel/Graphic.php?IM=IM_8dkpxzhdaeMGDmC,Republican,Republican,Male,Female,Caucasian,Caucasian,15 years , None,College,High School,https://eui.eu.qualtrics.com/ControlPanel/Graphic.php?IM=IM_aW2GdL0duOmr46W,https://eui.eu.qualtrics.com/ControlPanel/Graphic.php?IM=IM_1AmyW3PQYdcSOMK,Independent,Republican,Female,Male,Asian,African American,5 years , None,High School,College,https://eui.eu.qualtrics.com/ControlPanel/Graphic.php?IM=IM_5v6iF9e7d9iQWcm,https://eui.eu.qualtrics.com/ControlPanel/Graphic.php?IM=IM_6lhzy7XX6SMpvtc,Republican,Republican,Female,Female,Hispanic,African American,15 years ,10 years ,Graduate degree,High School,https://eui.eu.qualtrics.com/ControlPanel/Graphic.php?IM=IM_ezlXMGH85z9JY4m,https://eui.eu.qualtrics.com/ControlPanel/Graphic.php?IM=IM_abBFEsXUNaU4tdc,Republican,Independent,Male,Female,African American,Asian,15 years ,10 years ,College,High School,https://eui.eu.qualtrics.com/ControlPanel/Graphic.php?IM=IM_7OO9IdmrIRDVMjA,https://eui.eu.qualtrics.com/ControlPanel/Graphic.php?IM=IM_5v6iF9e7d9iQWcm,Republican,Republican,Male,Male,African American,Hispanic, None,10 years ,High School,College,https://eui.eu.qualtrics.com/ControlPanel/Graphic.php?IM=IM_ezlXMGH85z9JY4m,https://eui.eu.qualtrics.com/ControlPanel/Graphic.php?IM=IM_42ZpZaxtqsxSCmW,Democrat,Independent,Female,Female,African American,Caucasian,15 years ,10 years ,College,College,https://eui.eu.qualtrics.com/ControlPanel/Graphic.php?IM=IM_cHfyyiMy5p9Owmi,https://eui.eu.qualtrics.com/ControlPanel/Graphic.php?IM=IM_9N1WYP3bCADGAwm,Republican,Republican,Male,Female,African American,Hispanic,5 years ,10 years ,High School,High School,https://eui.eu.qualtrics.com/ControlPanel/Graphic.php?IM=IM_7OO9IdmrIRDVMjA,https://eui.eu.qualtrics.com/ControlPanel/Graphic.php?IM=IM_4SWZs5hMSma3pT8,,immigration,https://eui.eu.qualtrics.com/jfe/form/SV_24X9nMInl5wOWTY?{e://Field/start_survey}&,,0
30/04/2021 08:09,30/04/2021 08:16,IP Address,173.187.5.79,100,438,TRUE,30/04/2021 08:16,R_2PcAOb6uoseb5M7,,,,,35.08369446,-80.66459656,anonymous,EN,"I agree to participate, begin the study",45 - 54,North Carolina,Independent,Republicans,Slightly conservative,Somewhat interested,Male,0,100,It is now a little better,Some college,Very,I know someone who has had the disase,Undecided,Increased,White,Men,Men,Men,No difference,Social Media,The new administration has a flawed approach as we were on the right track.  It's overwhelming and involves desperate people with a variety of intentions.,0,0,18.156,0,9.586,10.352,27.214,2,Candidate A,Candidate A,Candidate B,Candidate A,Candidate A,Candidate A,Candidate A,Candidate A,Candidate A,Candidate A,Candidate A,Candidate A,Candidate B,Candidate B,Candidate B,Candidate B,Candidate B,Candidate B,Candidate B,Candidate A,I'm looking forward to working on and fixing up my truck.,I paid close attention to the candidate profiles.,Thanks for the HIT!  I did my best and hope the data is useful!,Republican,Independent,Female,Male,African American,Caucasian, None,0 years,College,Graduate degree,https://eui.eu.qualtrics.com/ControlPanel/Graphic.php?IM=IM_7OO9IdmrIRDVMjA,https://eui.eu.qualtrics.com/ControlPanel/Graphic.php?IM=IM_5v6iF9e7d9iQWcm,Republican,Republican,Male,Female,African American,Caucasian,15 years ,10 years ,College,Graduate degree,https://eui.eu.qualtrics.com/ControlPanel/Graphic.php?IM=IM_1AmyW3PQYdcSOMK,https://eui.eu.qualtrics.com/ControlPanel/Graphic.php?IM=IM_6Arb5xqSqoME5rE,Democrat,Democrat,Male,Female,Hispanic,African American,10 years ,0 years,Graduate degree,High School,https://eui.eu.qualtrics.com/ControlPanel/Graphic.php?IM=IM_9o7iqtqBhvKLMsS,https://eui.eu.qualtrics.com/ControlPanel/Graphic.php?IM=IM_42ZpZaxtqsxSCmW,Independent,Independent,Male,Female,Caucasian,Hispanic,5 years ,15 years ,College,High School,https://eui.eu.qualtrics.com/ControlPanel/Graphic.php?IM=IM_6Arb5xqSqoME5rE,https://eui.eu.qualtrics.com/ControlPanel/Graphic.php?IM=IM_abBFEsXUNaU4tdc,Democrat,Republican,Male,Male,Asian,Asian,10 years , None,College,High School,https://eui.eu.qualtrics.com/ControlPanel/Graphic.php?IM=IM_1AmyW3PQYdcSOMK,https://eui.eu.qualtrics.com/ControlPanel/Graphic.php?IM=IM_cHfyyiMy5p9Owmi,Independent,Democrat,Male,Male,Caucasian,African American,10 years , None,Graduate degree,College,https://eui.eu.qualtrics.com/ControlPanel/Graphic.php?IM=IM_aW2GdL0duOmr46W,https://eui.eu.qualtrics.com/ControlPanel/Graphic.php?IM=IM_6lhzy7XX6SMpvtc,Independent,Independent,Female,Female,African American,Hispanic,10 years ,5 years ,College,College,https://eui.eu.qualtrics.com/ControlPanel/Graphic.php?IM=IM_6lhzy7XX6SMpvtc,https://eui.eu.qualtrics.com/ControlPanel/Graphic.php?IM=IM_9o7iqtqBhvKLMsS,Republican,Independent,Female,Female,African American,Hispanic,0 years,10 years ,College,Graduate degree,https://eui.eu.qualtrics.com/ControlPanel/Graphic.php?IM=IM_5v6iF9e7d9iQWcm,https://eui.eu.qualtrics.com/ControlPanel/Graphic.php?IM=IM_4SWZs5hMSma3pT8,,immigration,https://eui.eu.qualtrics.com/jfe/form/SV_24X9nMInl5wOWTY?{e://Field/start_survey}&,,0
30/04/2021 08:07,30/04/2021 08:18,IP Address,50.33.16.164,100,639,TRUE,30/04/2021 08:18,R_2ogo7UzV1FwimoV,,,,,44.61140442,-93.76139832,anonymous,EN,"I agree to participate, begin the study",25 - 34,Minnesota,Democrat,,Extremely liberal,Very interested,Male,6,76,It has not changed,Some college,A little,I know someone who has had the disase,Yes,Decreased,White,No difference,No difference,No difference,No difference,Social Media,Because some do not see immigrants as humans deserving of rights.,0,0,15.626,0,0,0,13.221,0,Candidate A,Candidate B,Candidate A,Candidate A,Candidate B,Candidate A,Candidate B,Candidate B,Candidate A,Candidate A,Candidate A,Candidate A,Candidate A,Candidate A,Candidate A,Candidate A,Candidate B,Candidate A,Candidate B,Candidate B,Going out for long walks in the sun.,I paid close attention to the candidate profiles.,"Rating someone as ""getting things done"" wasn't necessarily praise, they might just be more effective at getting bad stuff done.",Independent,Democrat,Male,Male,Caucasian,African American,0 years,5 years ,College,Graduate degree,https://eui.eu.qualtrics.com/ControlPanel/Graphic.php?IM=IM_9N1WYP3bCADGAwm,https://eui.eu.qualtrics.com/ControlPanel/Graphic.php?IM=IM_8dkpxzhdaeMGDmC,Republican,Republican,Male,Female,Hispanic,Asian,10 years ,0 years,College,College,https://eui.eu.qualtrics.com/ControlPanel/Graphic.php?IM=IM_6Arb5xqSqoME5rE,https://eui.eu.qualtrics.com/ControlPanel/Graphic.php?IM=IM_6Arb5xqSqoME5rE,Democrat,Republican,Male,Female,Caucasian,Caucasian,15 years , None,High School,High School,https://eui.eu.qualtrics.com/ControlPanel/Graphic.php?IM=IM_9N1WYP3bCADGAwm,https://eui.eu.qualtrics.com/ControlPanel/Graphic.php?IM=IM_7OO9IdmrIRDVMjA,Republican,Republican,Female,Male,Hispanic,African American,0 years,0 years,College,College,https://eui.eu.qualtrics.com/ControlPanel/Graphic.php?IM=IM_42ZpZaxtqsxSCmW,https://eui.eu.qualtrics.com/ControlPanel/Graphic.php?IM=IM_1AmyW3PQYdcSOMK,Republican,Republican,Male,Male,Caucasian,Hispanic, None, None,Graduate degree,College,https://eui.eu.qualtrics.com/ControlPanel/Graphic.php?IM=IM_5v6iF9e7d9iQWcm,https://eui.eu.qualtrics.com/ControlPanel/Graphic.php?IM=IM_9N1WYP3bCADGAwm,Independent,Republican,Male,Female,African American,Asian,0 years,5 years ,College,Graduate degree,https://eui.eu.qualtrics.com/ControlPanel/Graphic.php?IM=IM_6lhzy7XX6SMpvtc,https://eui.eu.qualtrics.com/ControlPanel/Graphic.php?IM=IM_8dkpxzhdaeMGDmC,Independent,Republican,Male,Female,African American,Caucasian,10 years ,15 years ,College,College,https://eui.eu.qualtrics.com/ControlPanel/Graphic.php?IM=IM_6lhzy7XX6SMpvtc,https://eui.eu.qualtrics.com/ControlPanel/Graphic.php?IM=IM_aW2GdL0duOmr46W,Independent,Republican,Male,Male,Hispanic,Hispanic,15 years ,5 years ,Graduate degree,High School,https://eui.eu.qualtrics.com/ControlPanel/Graphic.php?IM=IM_abBFEsXUNaU4tdc,https://eui.eu.qualtrics.com/ControlPanel/Graphic.php?IM=IM_4SWZs5hMSma3pT8,,immigration,https://eui.eu.qualtrics.com/jfe/form/SV_24X9nMInl5wOWTY?{e://Field/start_survey}&,,0
30/04/2021 08:13,30/04/2021 08:24,IP Address,67.158.21.225,100,664,TRUE,30/04/2021 08:24,R_22rgzOlKXe30WMs,,,,,44.14149475,-103.2052002,anonymous,EN,"I agree to participate, begin the study",35 - 44,South Dakota,Democrat,,Extremely liberal,Somewhat interested,Female,70,20,It has not changed,Some college,Very,I know someone who has had the disase,Undecided,Kept the same,White,No difference,Women,No difference,No difference,Social Media,I think that the problem has been difficult to solve because people are not being treated with dignity.,0,0,13.786,0,0,0,23.71,0,Candidate A,Candidate A,Candidate A,Candidate A,Candidate B,Candidate A,Candidate A,Candidate B,Candidate B,Candidate B,Candidate B,Candidate B,Candidate A,Candidate A,Candidate A,Candidate A,Candidate A,Candidate A,Candidate A,Candidate A,I am looking forward to playing yard games with my family this summer.,I paid close attention to the candidate profiles.,Thank you.,Republican,Republican,Male,Male,Asian,Asian, None,0 years,Graduate degree,College,https://eui.eu.qualtrics.com/ControlPanel/Graphic.php?IM=IM_9N1WYP3bCADGAwm,https://eui.eu.qualtrics.com/ControlPanel/Graphic.php?IM=IM_6Arb5xqSqoME5rE,Democrat,Democrat,Female,Male,Asian,Hispanic,10 years ,5 years ,Graduate degree,College,https://eui.eu.qualtrics.com/ControlPanel/Graphic.php?IM=IM_6lhzy7XX6SMpvtc,https://eui.eu.qualtrics.com/ControlPanel/Graphic.php?IM=IM_4SWZs5hMSma3pT8,Republican,Republican,Female,Male,Asian,Hispanic, None,0 years,High School,College,https://eui.eu.qualtrics.com/ControlPanel/Graphic.php?IM=IM_ezlXMGH85z9JY4m,https://eui.eu.qualtrics.com/ControlPanel/Graphic.php?IM=IM_6Arb5xqSqoME5rE,Independent,Independent,Male,Male,Caucasian,Asian,10 years ,5 years ,Graduate degree,High School,https://eui.eu.qualtrics.com/ControlPanel/Graphic.php?IM=IM_cHfyyiMy5p9Owmi,https://eui.eu.qualtrics.com/ControlPanel/Graphic.php?IM=IM_1AmyW3PQYdcSOMK,Republican,Democrat,Female,Female,Hispanic,Asian,10 years ,15 years ,High School,High School,https://eui.eu.qualtrics.com/ControlPanel/Graphic.php?IM=IM_7OO9IdmrIRDVMjA,https://eui.eu.qualtrics.com/ControlPanel/Graphic.php?IM=IM_aW2GdL0duOmr46W,Democrat,Democrat,Male,Male,Hispanic,African American,0 years,10 years ,College,High School,https://eui.eu.qualtrics.com/ControlPanel/Graphic.php?IM=IM_42ZpZaxtqsxSCmW,https://eui.eu.qualtrics.com/ControlPanel/Graphic.php?IM=IM_9N1WYP3bCADGAwm,Republican,Republican,Female,Male,African American,Caucasian,0 years,10 years ,College,High School,https://eui.eu.qualtrics.com/ControlPanel/Graphic.php?IM=IM_7OO9IdmrIRDVMjA,https://eui.eu.qualtrics.com/ControlPanel/Graphic.php?IM=IM_4SWZs5hMSma3pT8,Independent,Independent,Male,Female,Hispanic,Hispanic,0 years, None,Graduate degree,College,https://eui.eu.qualtrics.com/ControlPanel/Graphic.php?IM=IM_42ZpZaxtqsxSCmW,https://eui.eu.qualtrics.com/ControlPanel/Graphic.php?IM=IM_6Arb5xqSqoME5rE,,immigration,https://eui.eu.qualtrics.com/jfe/form/SV_24X9nMInl5wOWTY?{e://Field/start_survey}&,,0
30/04/2021 08:22,30/04/2021 08:32,IP Address,174.246.0.162,100,618,TRUE,30/04/2021 08:32,R_3EzISDgJCFLkZYw,,,,,47.67329407,-122.3426056,anonymous,EN,"I agree to participate, begin the study",65 - 74,Texas,Republican,,Extremely conservative,Interested,Female,100,0,It has not changed,Some college,Not at all,I know someone who has had the disase,No,Increased,White,Men,Women,Men,Women,Social Media,"There has been too much discussion and no action.  Congress cannot agree on a solution, so the problem continues.",0,0,16.446,0,0,0,20.713,0,Candidate A,Candidate B,Candidate A,Candidate B,Candidate A,Candidate A,Candidate A,Candidate A,Candidate B,Candidate B,Candidate B,Candidate B,Candidate B,Candidate B,Candidate B,Candidate B,Candidate A,Candidate A,Candidate A,Candidate A,I am looking forward to moving to a different city.,I paid close attention to the candidate profiles.,Hope they come up with a solution!,Independent,Independent,Male,Female,Caucasian,Hispanic, None,15 years ,Graduate degree,High School,https://eui.eu.qualtrics.com/ControlPanel/Graphic.php?IM=IM_9N1WYP3bCADGAwm,https://eui.eu.qualtrics.com/ControlPanel/Graphic.php?IM=IM_9N1WYP3bCADGAwm,Independent,Independent,Male,Female,Caucasian,Hispanic,5 years ,0 years,Graduate degree,Graduate degree,https://eui.eu.qualtrics.com/ControlPanel/Graphic.php?IM=IM_1AmyW3PQYdcSOMK,https://eui.eu.qualtrics.com/ControlPanel/Graphic.php?IM=IM_7OO9IdmrIRDVMjA,Republican,Democrat,Female,Female,African American,Asian,0 years,10 years ,Graduate degree,Graduate degree,https://eui.eu.qualtrics.com/ControlPanel/Graphic.php?IM=IM_ezlXMGH85z9JY4m,https://eui.eu.qualtrics.com/ControlPanel/Graphic.php?IM=IM_6lhzy7XX6SMpvtc,Democrat,Independent,Male,Female,Caucasian,Caucasian,10 years ,15 years ,High School,Graduate degree,https://eui.eu.qualtrics.com/ControlPanel/Graphic.php?IM=IM_6lhzy7XX6SMpvtc,https://eui.eu.qualtrics.com/ControlPanel/Graphic.php?IM=IM_9N1WYP3bCADGAwm,Independent,Democrat,Female,Male,African American,African American,15 years ,15 years ,College,High School,https://eui.eu.qualtrics.com/ControlPanel/Graphic.php?IM=IM_5v6iF9e7d9iQWcm,https://eui.eu.qualtrics.com/ControlPanel/Graphic.php?IM=IM_6lhzy7XX6SMpvtc,Democrat,Republican,Female,Female,Hispanic,Caucasian, None,15 years ,Graduate degree,College,https://eui.eu.qualtrics.com/ControlPanel/Graphic.php?IM=IM_42ZpZaxtqsxSCmW,https://eui.eu.qualtrics.com/ControlPanel/Graphic.php?IM=IM_42ZpZaxtqsxSCmW,Independent,Independent,Male,Male,Asian,African American,10 years ,0 years,Graduate degree,Graduate degree,https://eui.eu.qualtrics.com/ControlPanel/Graphic.php?IM=IM_cHfyyiMy5p9Owmi,https://eui.eu.qualtrics.com/ControlPanel/Graphic.php?IM=IM_cHfyyiMy5p9Owmi,Republican,Republican,Male,Female,African American,African American,0 years,5 years ,College,College,https://eui.eu.qualtrics.com/ControlPanel/Graphic.php?IM=IM_6lhzy7XX6SMpvtc,https://eui.eu.qualtrics.com/ControlPanel/Graphic.php?IM=IM_5v6iF9e7d9iQWcm,,immigration,https://eui.eu.qualtrics.com/jfe/form/SV_24X9nMInl5wOWTY?{e://Field/start_survey}&,,0
30/04/2021 08:13,30/04/2021 08:41,IP Address,64.145.93.217,100,1696,TRUE,30/04/2021 08:41,R_3KvynjwGJFZDj5T,,,,,39.73880005,-104.9868011,anonymous,EN,"I agree to participate, begin the study",25 - 34,Colorado,Republican,,Slightly conservative,Somewhat interested,Male,22,87,It has not changed,4 year degree,A little,I know someone who has had the disase,Yes,Kept the same,White,No difference,No difference,No difference,No difference,Social Media,Because both parties don't wanna work together to find a middle ground.,4.822,500.523,533.523,4,85.986,85.986,92.243,1,Candidate B,Candidate B,Candidate B,Candidate A,Candidate B,Candidate B,Candidate B,Candidate B,Candidate A,Candidate A,Candidate A,Candidate A,Candidate A,Candidate A,Candidate A,Candidate A,Candidate A,Candidate A,Candidate A,Candidate A,Going camping.,I paid close attention to the candidate profiles.,,Democrat,Republican,Male,Female,Caucasian,Hispanic,5 years ,10 years ,Graduate degree,College,https://eui.eu.qualtrics.com/ControlPanel/Graphic.php?IM=IM_abBFEsXUNaU4tdc,https://eui.eu.qualtrics.com/ControlPanel/Graphic.php?IM=IM_ezlXMGH85z9JY4m,Democrat,Democrat,Female,Male,Asian,Asian,0 years,0 years,Graduate degree,High School,https://eui.eu.qualtrics.com/ControlPanel/Graphic.php?IM=IM_5v6iF9e7d9iQWcm,https://eui.eu.qualtrics.com/ControlPanel/Graphic.php?IM=IM_9o7iqtqBhvKLMsS,Democrat,Independent,Male,Female,African American,Hispanic,5 years ,0 years,College,Graduate degree,https://eui.eu.qualtrics.com/ControlPanel/Graphic.php?IM=IM_5v6iF9e7d9iQWcm,https://eui.eu.qualtrics.com/ControlPanel/Graphic.php?IM=IM_6Arb5xqSqoME5rE,Republican,Democrat,Female,Female,Hispanic,African American, None, None,Graduate degree,High School,https://eui.eu.qualtrics.com/ControlPanel/Graphic.php?IM=IM_9o7iqtqBhvKLMsS,https://eui.eu.qualtrics.com/ControlPanel/Graphic.php?IM=IM_42ZpZaxtqsxSCmW,Democrat,Democrat,Male,Male,Hispanic,Caucasian,0 years,15 years ,Graduate degree,College,https://eui.eu.qualtrics.com/ControlPanel/Graphic.php?IM=IM_8dkpxzhdaeMGDmC,https://eui.eu.qualtrics.com/ControlPanel/Graphic.php?IM=IM_8dkpxzhdaeMGDmC,Democrat,Republican,Male,Female,African American,Asian,5 years ,5 years ,Graduate degree,High School,https://eui.eu.qualtrics.com/ControlPanel/Graphic.php?IM=IM_8dkpxzhdaeMGDmC,https://eui.eu.qualtrics.com/ControlPanel/Graphic.php?IM=IM_5v6iF9e7d9iQWcm,Republican,Democrat,Male,Female,Hispanic,Caucasian, None,15 years ,Graduate degree,Graduate degree,https://eui.eu.qualtrics.com/ControlPanel/Graphic.php?IM=IM_ezlXMGH85z9JY4m,https://eui.eu.qualtrics.com/ControlPanel/Graphic.php?IM=IM_9N1WYP3bCADGAwm,Democrat,Republican,Male,Female,African American,African American,5 years ,5 years ,High School,Graduate degree,https://eui.eu.qualtrics.com/ControlPanel/Graphic.php?IM=IM_cHfyyiMy5p9Owmi,https://eui.eu.qualtrics.com/ControlPanel/Graphic.php?IM=IM_8dkpxzhdaeMGDmC,,immigration,https://eui.eu.qualtrics.com/jfe/form/SV_24X9nMInl5wOWTY?{e://Field/start_survey}&,,0
30/04/2021 08:43,30/04/2021 08:48,IP Address,192.180.12.203,100,283,TRUE,30/04/2021 08:48,R_UW0x2bn1bLa4VMd,,,,,41.12359619,-83.18190002,anonymous,EN,"I agree to participate, begin the study",18 - 24,Ohio,Democrat,,Slightly liberal,Somewhat interested,Male,10,90,It is now a little worse,Some college,Moderately,I know someone who has had the disase,Undecided,Kept the same,White,Men,Women,No difference,No difference,Social Media,I would be hard to control people from coming into the US when there are many ways to enter and how large the border is ,28.776,28.776,29.245,1,0,0,6.9,0,Candidate A,Candidate B,Candidate B,Candidate B,Candidate B,Candidate B,Candidate B,Candidate B,Candidate B,Candidate B,Candidate A,Candidate B,Candidate A,Candidate A,Candidate A,Candidate A,Candidate B,Candidate B,Candidate B,Candidate B,I look forward to taking my vacation to Florida,I paid close attention to the candidate profiles.,none,Democrat,Independent,Female,Female,Hispanic,Caucasian,15 years ,0 years,Graduate degree,High School,https://eui.eu.qualtrics.com/ControlPanel/Graphic.php?IM=IM_5v6iF9e7d9iQWcm,https://eui.eu.qualtrics.com/ControlPanel/Graphic.php?IM=IM_7OO9IdmrIRDVMjA,Democrat,Democrat,Female,Male,Hispanic,Asian,0 years,10 years ,High School,College,https://eui.eu.qualtrics.com/ControlPanel/Graphic.php?IM=IM_42ZpZaxtqsxSCmW,https://eui.eu.qualtrics.com/ControlPanel/Graphic.php?IM=IM_9N1WYP3bCADGAwm,Republican,Democrat,Female,Male,Caucasian,Caucasian,5 years ,15 years ,Graduate degree,College,https://eui.eu.qualtrics.com/ControlPanel/Graphic.php?IM=IM_aW2GdL0duOmr46W,https://eui.eu.qualtrics.com/ControlPanel/Graphic.php?IM=IM_7OO9IdmrIRDVMjA,Republican,Democrat,Female,Male,Caucasian,Caucasian,15 years ,15 years ,College,College,https://eui.eu.qualtrics.com/ControlPanel/Graphic.php?IM=IM_4SWZs5hMSma3pT8,https://eui.eu.qualtrics.com/ControlPanel/Graphic.php?IM=IM_ezlXMGH85z9JY4m,Republican,Independent,Male,Male,Asian,Caucasian,5 years ,10 years ,High School,High School,https://eui.eu.qualtrics.com/ControlPanel/Graphic.php?IM=IM_cHfyyiMy5p9Owmi,https://eui.eu.qualtrics.com/ControlPanel/Graphic.php?IM=IM_9N1WYP3bCADGAwm,Republican,Democrat,Female,Male,Asian,African American,10 years ,10 years ,Graduate degree,High School,https://eui.eu.qualtrics.com/ControlPanel/Graphic.php?IM=IM_7OO9IdmrIRDVMjA,https://eui.eu.qualtrics.com/ControlPanel/Graphic.php?IM=IM_7OO9IdmrIRDVMjA,Democrat,Democrat,Male,Male,Hispanic,Asian,15 years ,0 years,Graduate degree,Graduate degree,https://eui.eu.qualtrics.com/ControlPanel/Graphic.php?IM=IM_6lhzy7XX6SMpvtc,https://eui.eu.qualtrics.com/ControlPanel/Graphic.php?IM=IM_8dkpxzhdaeMGDmC,Democrat,Republican,Female,Female,African American,Hispanic,0 years,15 years ,High School,Graduate degree,https://eui.eu.qualtrics.com/ControlPanel/Graphic.php?IM=IM_cHfyyiMy5p9Owmi,https://eui.eu.qualtrics.com/ControlPanel/Graphic.php?IM=IM_cHfyyiMy5p9Owmi,,immigration,https://eui.eu.qualtrics.com/jfe/form/SV_24X9nMInl5wOWTY?{e://Field/start_survey}&,,0
30/04/2021 09:21,30/04/2021 09:34,IP Address,108.244.108.104,100,796,TRUE,30/04/2021 09:34,R_2VqHSFmBbzZAZDM,,,,,29.39590454,-98.47609711,anonymous,EN,"I agree to participate, begin the study",35 - 44,Texas,Independent,Democrats,Extremely liberal,Somewhat interested,Male,30,60,It is now a little worse,Graduate degree,Moderately,I know someone who has had the disase,Undecided,Decreased,Black or African American,No difference,No difference,No difference,Women,Social Media,Because people in power are racist and xenophobic,0,0,6.59,0,133.15,133.15,142.781,1,Candidate A,Candidate B,Candidate A,Candidate B,Candidate A,Candidate A,Candidate A,Candidate A,Candidate A,Candidate A,Candidate A,Candidate A,Candidate B,Candidate B,Candidate B,Candidate B,Candidate A,Candidate A,Candidate A,Candidate A,I'm looking forward to going to the pool.,I paid close attention to the candidate profiles.,thank you,Republican,Republican,Male,Male,Asian,Caucasian,0 years,15 years ,College,College,https://eui.eu.qualtrics.com/ControlPanel/Graphic.php?IM=IM_6lhzy7XX6SMpvtc,https://eui.eu.qualtrics.com/ControlPanel/Graphic.php?IM=IM_8dkpxzhdaeMGDmC,Democrat,Independent,Male,Male,Hispanic,Hispanic,10 years ,10 years ,High School,College,https://eui.eu.qualtrics.com/ControlPanel/Graphic.php?IM=IM_cHfyyiMy5p9Owmi,https://eui.eu.qualtrics.com/ControlPanel/Graphic.php?IM=IM_6lhzy7XX6SMpvtc,Democrat,Democrat,Female,Female,Hispanic,Hispanic,10 years , None,Graduate degree,High School,https://eui.eu.qualtrics.com/ControlPanel/Graphic.php?IM=IM_42ZpZaxtqsxSCmW,https://eui.eu.qualtrics.com/ControlPanel/Graphic.php?IM=IM_6Arb5xqSqoME5rE,Democrat,Democrat,Male,Male,Hispanic,Caucasian,0 years,15 years ,High School,College,https://eui.eu.qualtrics.com/ControlPanel/Graphic.php?IM=IM_42ZpZaxtqsxSCmW,https://eui.eu.qualtrics.com/ControlPanel/Graphic.php?IM=IM_9o7iqtqBhvKLMsS,Republican,Republican,Male,Female,Hispanic,Hispanic,5 years , None,High School,College,https://eui.eu.qualtrics.com/ControlPanel/Graphic.php?IM=IM_9o7iqtqBhvKLMsS,https://eui.eu.qualtrics.com/ControlPanel/Graphic.php?IM=IM_6Arb5xqSqoME5rE,Republican,Democrat,Male,Male,Asian,Hispanic, None,15 years ,High School,College,https://eui.eu.qualtrics.com/ControlPanel/Graphic.php?IM=IM_9N1WYP3bCADGAwm,https://eui.eu.qualtrics.com/ControlPanel/Graphic.php?IM=IM_1AmyW3PQYdcSOMK,Democrat,Republican,Male,Female,Asian,Hispanic,0 years,10 years ,Graduate degree,College,https://eui.eu.qualtrics.com/ControlPanel/Graphic.php?IM=IM_1AmyW3PQYdcSOMK,https://eui.eu.qualtrics.com/ControlPanel/Graphic.php?IM=IM_6Arb5xqSqoME5rE,Republican,Democrat,Female,Male,African American,Hispanic, None, None,High School,Graduate degree,https://eui.eu.qualtrics.com/ControlPanel/Graphic.php?IM=IM_6Arb5xqSqoME5rE,https://eui.eu.qualtrics.com/ControlPanel/Graphic.php?IM=IM_1AmyW3PQYdcSOMK,,immigration,https://eui.eu.qualtrics.com/jfe/form/SV_24X9nMInl5wOWTY?{e://Field/start_survey}&,,0
30/04/2021 09:25,30/04/2021 09:35,IP Address,98.144.149.220,100,640,TRUE,30/04/2021 09:35,R_2CO4hkV0MT94rJr,,,,,42.7256012,-87.8588028,anonymous,EN,"I agree to participate, begin the study",55 - 64,Wisconsin,Republican,,Conservative,Interested,Male,,100,It is now a little worse,Some college,Not at all,I know someone who has had the disase,Yes,Increased,White,No difference,Women,No difference,Women,Social Media,It is difficult to solve because the United States keeps changing it's policies. ,0,0,8.858,0,0,0,12.877,0,Candidate B,Candidate A,,Candidate A,Candidate A,Candidate A,Candidate A,Candidate A,Candidate A,Candidate A,Candidate A,Candidate A,Candidate A,Candidate A,Candidate A,Candidate A,Candidate B,Candidate B,Candidate B,Candidate B,Catching up on home repairs. ,I paid close attention to the candidate profiles.,The dates on the tweets were Jan 1/2021. President Trump was still in office. I answered accordingly,Independent,Democrat,Female,Female,Hispanic,African American, None,15 years ,College,Graduate degree,https://eui.eu.qualtrics.com/ControlPanel/Graphic.php?IM=IM_5v6iF9e7d9iQWcm,https://eui.eu.qualtrics.com/ControlPanel/Graphic.php?IM=IM_42ZpZaxtqsxSCmW,Independent,Democrat,Male,Female,Caucasian,Hispanic,15 years ,5 years ,Graduate degree,College,https://eui.eu.qualtrics.com/ControlPanel/Graphic.php?IM=IM_1AmyW3PQYdcSOMK,https://eui.eu.qualtrics.com/ControlPanel/Graphic.php?IM=IM_42ZpZaxtqsxSCmW,Democrat,Independent,Male,Male,African American,African American, None,0 years,College,Graduate degree,https://eui.eu.qualtrics.com/ControlPanel/Graphic.php?IM=IM_4SWZs5hMSma3pT8,https://eui.eu.qualtrics.com/ControlPanel/Graphic.php?IM=IM_9N1WYP3bCADGAwm,Republican,Independent,Male,Female,Asian,Hispanic,15 years , None,Graduate degree,Graduate degree,https://eui.eu.qualtrics.com/ControlPanel/Graphic.php?IM=IM_aW2GdL0duOmr46W,https://eui.eu.qualtrics.com/ControlPanel/Graphic.php?IM=IM_4SWZs5hMSma3pT8,Republican,Republican,Female,Male,African American,Hispanic, None,5 years ,High School,College,https://eui.eu.qualtrics.com/ControlPanel/Graphic.php?IM=IM_6Arb5xqSqoME5rE,https://eui.eu.qualtrics.com/ControlPanel/Graphic.php?IM=IM_8dkpxzhdaeMGDmC,Democrat,Democrat,Male,Female,Hispanic,Caucasian,15 years ,10 years ,Graduate degree,High School,https://eui.eu.qualtrics.com/ControlPanel/Graphic.php?IM=IM_7OO9IdmrIRDVMjA,https://eui.eu.qualtrics.com/ControlPanel/Graphic.php?IM=IM_6lhzy7XX6SMpvtc,Democrat,Republican,Female,Female,Asian,African American,10 years ,10 years ,College,Graduate degree,https://eui.eu.qualtrics.com/ControlPanel/Graphic.php?IM=IM_9o7iqtqBhvKLMsS,https://eui.eu.qualtrics.com/ControlPanel/Graphic.php?IM=IM_6lhzy7XX6SMpvtc,Republican,Republican,Female,Male,African American,Hispanic, None,15 years ,College,High School,https://eui.eu.qualtrics.com/ControlPanel/Graphic.php?IM=IM_9N1WYP3bCADGAwm,https://eui.eu.qualtrics.com/ControlPanel/Graphic.php?IM=IM_42ZpZaxtqsxSCmW,,immigration,https://eui.eu.qualtrics.com/jfe/form/SV_24X9nMInl5wOWTY?{e://Field/start_survey}&,,0
30/04/2021 09:35,30/04/2021 09:40,IP Address,71.227.90.0,100,265,TRUE,30/04/2021 09:40,R_29s80UAiqXDiVB2,,,,,42.42630005,-82.90139771,anonymous,EN,"I agree to participate, begin the study",35 - 44,Michigan,Independent,Democrats,Moderate,Somewhat interested,Male,0,80,It is now a little worse,4 year degree,Not at all,I know someone who has had the disase,Undecided,Kept the same,White,Men,Women,No difference,No difference,Social Media,Because there is a battle politically that ultimately allows nothing to be decided.,0,0,8.427,0,1.345,1.345,6.579,1,Candidate B,Candidate B,Candidate A,Candidate A,Candidate A,Candidate A,Candidate A,Candidate A,Candidate B,Candidate B,Candidate B,Candidate B,Candidate A,Candidate A,Candidate A,Candidate A,Candidate A,Candidate A,Candidate A,Candidate A,I am looking forward to spending more time outside with my friends and family in the nice weather.,I paid close attention to the candidate profiles.,No comments,Independent,Republican,Female,Female,Asian,Asian,10 years , None,High School,College,https://eui.eu.qualtrics.com/ControlPanel/Graphic.php?IM=IM_9N1WYP3bCADGAwm,https://eui.eu.qualtrics.com/ControlPanel/Graphic.php?IM=IM_aW2GdL0duOmr46W,Democrat,Republican,Male,Male,African American,African American,10 years ,15 years ,High School,College,https://eui.eu.qualtrics.com/ControlPanel/Graphic.php?IM=IM_cHfyyiMy5p9Owmi,https://eui.eu.qualtrics.com/ControlPanel/Graphic.php?IM=IM_42ZpZaxtqsxSCmW,Democrat,Democrat,Male,Female,Hispanic,Asian,10 years ,15 years ,High School,College,https://eui.eu.qualtrics.com/ControlPanel/Graphic.php?IM=IM_aW2GdL0duOmr46W,https://eui.eu.qualtrics.com/ControlPanel/Graphic.php?IM=IM_9N1WYP3bCADGAwm,Democrat,Republican,Female,Male,African American,Caucasian,0 years,15 years ,Graduate degree,High School,https://eui.eu.qualtrics.com/ControlPanel/Graphic.php?IM=IM_9N1WYP3bCADGAwm,https://eui.eu.qualtrics.com/ControlPanel/Graphic.php?IM=IM_5v6iF9e7d9iQWcm,Republican,Republican,Female,Female,Asian,African American, None, None,Graduate degree,College,https://eui.eu.qualtrics.com/ControlPanel/Graphic.php?IM=IM_6Arb5xqSqoME5rE,https://eui.eu.qualtrics.com/ControlPanel/Graphic.php?IM=IM_4SWZs5hMSma3pT8,Independent,Independent,Female,Male,Asian,Asian, None,10 years ,College,Graduate degree,https://eui.eu.qualtrics.com/ControlPanel/Graphic.php?IM=IM_ezlXMGH85z9JY4m,https://eui.eu.qualtrics.com/ControlPanel/Graphic.php?IM=IM_4SWZs5hMSma3pT8,Republican,Democrat,Male,Female,African American,Asian,10 years ,0 years,High School,High School,https://eui.eu.qualtrics.com/ControlPanel/Graphic.php?IM=IM_cHfyyiMy5p9Owmi,https://eui.eu.qualtrics.com/ControlPanel/Graphic.php?IM=IM_6Arb5xqSqoME5rE,Republican,Independent,Male,Female,Hispanic,Hispanic,15 years ,0 years,College,College,https://eui.eu.qualtrics.com/ControlPanel/Graphic.php?IM=IM_aW2GdL0duOmr46W,https://eui.eu.qualtrics.com/ControlPanel/Graphic.php?IM=IM_6Arb5xqSqoME5rE,,immigration,https://eui.eu.qualtrics.com/jfe/form/SV_24X9nMInl5wOWTY?{e://Field/start_survey}&,,0
30/04/2021 10:25,30/04/2021 10:28,IP Address,73.101.156.74,100,188,TRUE,30/04/2021 10:28,R_1eseIdArCqX44Wu,,,,,40.00900269,-76.36309814,anonymous,EN,"I agree to participate, begin the study",45 - 54,Pennsylvania,Democrat,,Extremely liberal,Very interested,Male,92,97,It is now much better,4 year degree,Extremely,I know someone who has had the disase,Yes,Increased,Black or African American,Men,Men,Men,Women,Television,NOTHING,0,0,7.616,0,0,0,19.153,0,Candidate A,Candidate B,Candidate B,Candidate A,Candidate A,Candidate A,Candidate B,Candidate B,Candidate B,Candidate A,Candidate B,Candidate B,Candidate B,Candidate A,Candidate A,Candidate B,Candidate A,Candidate A,Candidate B,Candidate B,VERY WELL,I paid close attention to the candidate profiles.,NOTHING,Republican,Independent,Male,Female,Asian,Hispanic,5 years ,5 years ,High School,College,https://eui.eu.qualtrics.com/ControlPanel/Graphic.php?IM=IM_6lhzy7XX6SMpvtc,https://eui.eu.qualtrics.com/ControlPanel/Graphic.php?IM=IM_ezlXMGH85z9JY4m,Independent,Democrat,Female,Male,Asian,Asian,0 years,0 years,College,High School,https://eui.eu.qualtrics.com/ControlPanel/Graphic.php?IM=IM_ezlXMGH85z9JY4m,https://eui.eu.qualtrics.com/ControlPanel/Graphic.php?IM=IM_6Arb5xqSqoME5rE,Republican,Democrat,Male,Male,Asian,African American,15 years ,5 years ,Graduate degree,Graduate degree,https://eui.eu.qualtrics.com/ControlPanel/Graphic.php?IM=IM_42ZpZaxtqsxSCmW,https://eui.eu.qualtrics.com/ControlPanel/Graphic.php?IM=IM_7OO9IdmrIRDVMjA,Independent,Republican,Female,Female,African American,Caucasian,15 years ,0 years,High School,Graduate degree,https://eui.eu.qualtrics.com/ControlPanel/Graphic.php?IM=IM_1AmyW3PQYdcSOMK,https://eui.eu.qualtrics.com/ControlPanel/Graphic.php?IM=IM_cHfyyiMy5p9Owmi,Republican,Independent,Female,Male,Caucasian,Caucasian,5 years ,15 years ,College,College,https://eui.eu.qualtrics.com/ControlPanel/Graphic.php?IM=IM_7OO9IdmrIRDVMjA,https://eui.eu.qualtrics.com/ControlPanel/Graphic.php?IM=IM_6Arb5xqSqoME5rE,Independent,Democrat,Female,Female,African American,Hispanic,10 years ,15 years ,Graduate degree,Graduate degree,https://eui.eu.qualtrics.com/ControlPanel/Graphic.php?IM=IM_cHfyyiMy5p9Owmi,https://eui.eu.qualtrics.com/ControlPanel/Graphic.php?IM=IM_9N1WYP3bCADGAwm,Independent,Republican,Female,Male,African American,Hispanic,5 years , None,College,High School,https://eui.eu.qualtrics.com/ControlPanel/Graphic.php?IM=IM_4SWZs5hMSma3pT8,https://eui.eu.qualtrics.com/ControlPanel/Graphic.php?IM=IM_cHfyyiMy5p9Owmi,Democrat,Independent,Female,Female,Asian,Caucasian, None, None,College,Graduate degree,https://eui.eu.qualtrics.com/ControlPanel/Graphic.php?IM=IM_42ZpZaxtqsxSCmW,https://eui.eu.qualtrics.com/ControlPanel/Graphic.php?IM=IM_1AmyW3PQYdcSOMK,,immigration,https://eui.eu.qualtrics.com/jfe/form/SV_24X9nMInl5wOWTY?{e://Field/start_survey}&,,0
30/04/2021 10:17,30/04/2021 10:30,IP Address,192.200.158.166,100,754,TRUE,30/04/2021 10:30,R_3O7cY3JwJqW08tL,,,,,33.44129944,-112.042099,anonymous,EN,"I agree to participate, begin the study",35 - 44,Arizona,Democrat,,Liberal,Interested,Female,89,9,It is now a little worse,4 year degree,A little,I know someone who has had the disase,Undecided,Kept the same,White,Men,Women,No difference,Women,Social Media,Immigration is difficult to solve because of the poor global economy ,0,0,18.648,0,0,0,10.959,0,Candidate A,Candidate A,Candidate B,Candidate B,Candidate B,Candidate B,Candidate B,Candidate B,Candidate B,Candidate B,Candidate B,Candidate B,Candidate B,Candidate B,Candidate B,Candidate B,Candidate A,Candidate A,Candidate A,Candidate A,I'm looking forward to taking a vacation with my family ,I paid close attention to the candidate profiles.,I enjoyed the survey ,Republican,Democrat,Female,Female,African American,African American,5 years , None,College,High School,https://eui.eu.qualtrics.com/ControlPanel/Graphic.php?IM=IM_abBFEsXUNaU4tdc,https://eui.eu.qualtrics.com/ControlPanel/Graphic.php?IM=IM_6Arb5xqSqoME5rE,Republican,Democrat,Male,Female,African American,Hispanic,0 years,5 years ,College,High School,https://eui.eu.qualtrics.com/ControlPanel/Graphic.php?IM=IM_5v6iF9e7d9iQWcm,https://eui.eu.qualtrics.com/ControlPanel/Graphic.php?IM=IM_6lhzy7XX6SMpvtc,Republican,Republican,Male,Male,African American,African American, None,15 years ,Graduate degree,Graduate degree,https://eui.eu.qualtrics.com/ControlPanel/Graphic.php?IM=IM_8dkpxzhdaeMGDmC,https://eui.eu.qualtrics.com/ControlPanel/Graphic.php?IM=IM_42ZpZaxtqsxSCmW,Republican,Democrat,Male,Female,African American,Asian,5 years ,15 years ,High School,College,https://eui.eu.qualtrics.com/ControlPanel/Graphic.php?IM=IM_6Arb5xqSqoME5rE,https://eui.eu.qualtrics.com/ControlPanel/Graphic.php?IM=IM_ezlXMGH85z9JY4m,Republican,Republican,Male,Male,African American,African American,5 years ,10 years ,College,High School,https://eui.eu.qualtrics.com/ControlPanel/Graphic.php?IM=IM_8dkpxzhdaeMGDmC,https://eui.eu.qualtrics.com/ControlPanel/Graphic.php?IM=IM_cHfyyiMy5p9Owmi,Independent,Independent,Female,Female,Asian,Hispanic,10 years ,0 years,College,Graduate degree,https://eui.eu.qualtrics.com/ControlPanel/Graphic.php?IM=IM_1AmyW3PQYdcSOMK,https://eui.eu.qualtrics.com/ControlPanel/Graphic.php?IM=IM_abBFEsXUNaU4tdc,Independent,Democrat,Male,Male,Hispanic,Hispanic,0 years,15 years ,High School,Graduate degree,https://eui.eu.qualtrics.com/ControlPanel/Graphic.php?IM=IM_8dkpxzhdaeMGDmC,https://eui.eu.qualtrics.com/ControlPanel/Graphic.php?IM=IM_abBFEsXUNaU4tdc,Republican,Republican,Female,Male,Caucasian,African American,10 years ,15 years ,College,Graduate degree,https://eui.eu.qualtrics.com/ControlPanel/Graphic.php?IM=IM_ezlXMGH85z9JY4m,https://eui.eu.qualtrics.com/ControlPanel/Graphic.php?IM=IM_6Arb5xqSqoME5rE,,immigration,https://eui.eu.qualtrics.com/jfe/form/SV_24X9nMInl5wOWTY?{e://Field/start_survey}&,,0
30/04/2021 10:31,30/04/2021 10:37,IP Address,192.200.158.166,100,354,TRUE,30/04/2021 10:37,R_3m8fnk9NpObMeFe,,,,,33.44129944,-112.042099,anonymous,EN,"I agree to participate, begin the study",35 - 44,Arizona,Democrat,,Liberal,Interested,Female,93,1,It is now a little worse,4 year degree,A little,I know someone who has had the disase,Undecided,Kept the same,White,Men,Women,No difference,Women,Social Media,The problem has been difficult to solve because of the massive number of people aiming to migrate to the United States ,0,0,6.269,0,0,0,6.347,0,Candidate A,Candidate B,Candidate A,Candidate A,Candidate A,Candidate A,Candidate A,Candidate A,Candidate B,Candidate B,Candidate B,Candidate B,Candidate A,Candidate A,Candidate A,Candidate A,Candidate A,Candidate A,Candidate A,Candidate A,I'm looking forward to a vacation with my family ,I paid close attention to the candidate profiles.,I enjoyed the survey ,Democrat,Independent,Female,Female,Asian,Caucasian,0 years,15 years ,College,High School,https://eui.eu.qualtrics.com/ControlPanel/Graphic.php?IM=IM_5v6iF9e7d9iQWcm,https://eui.eu.qualtrics.com/ControlPanel/Graphic.php?IM=IM_8dkpxzhdaeMGDmC,Independent,Democrat,Male,Female,Asian,Hispanic,15 years , None,High School,College,https://eui.eu.qualtrics.com/ControlPanel/Graphic.php?IM=IM_9o7iqtqBhvKLMsS,https://eui.eu.qualtrics.com/ControlPanel/Graphic.php?IM=IM_9o7iqtqBhvKLMsS,Democrat,Republican,Female,Female,Asian,African American,5 years ,10 years ,College,College,https://eui.eu.qualtrics.com/ControlPanel/Graphic.php?IM=IM_aW2GdL0duOmr46W,https://eui.eu.qualtrics.com/ControlPanel/Graphic.php?IM=IM_6lhzy7XX6SMpvtc,Independent,Democrat,Male,Male,Caucasian,Hispanic,15 years ,15 years ,College,Graduate degree,https://eui.eu.qualtrics.com/ControlPanel/Graphic.php?IM=IM_42ZpZaxtqsxSCmW,https://eui.eu.qualtrics.com/ControlPanel/Graphic.php?IM=IM_4SWZs5hMSma3pT8,Republican,Democrat,Male,Female,African American,African American,15 years ,5 years ,Graduate degree,Graduate degree,https://eui.eu.qualtrics.com/ControlPanel/Graphic.php?IM=IM_ezlXMGH85z9JY4m,https://eui.eu.qualtrics.com/ControlPanel/Graphic.php?IM=IM_ezlXMGH85z9JY4m,Democrat,Republican,Female,Female,Asian,African American,0 years,15 years ,Graduate degree,Graduate degree,https://eui.eu.qualtrics.com/ControlPanel/Graphic.php?IM=IM_8dkpxzhdaeMGDmC,https://eui.eu.qualtrics.com/ControlPanel/Graphic.php?IM=IM_9o7iqtqBhvKLMsS,Independent,Independent,Male,Male,Asian,Caucasian, None, None,High School,College,https://eui.eu.qualtrics.com/ControlPanel/Graphic.php?IM=IM_abBFEsXUNaU4tdc,https://eui.eu.qualtrics.com/ControlPanel/Graphic.php?IM=IM_5v6iF9e7d9iQWcm,Independent,Democrat,Male,Male,Caucasian,Caucasian,5 years , None,High School,High School,https://eui.eu.qualtrics.com/ControlPanel/Graphic.php?IM=IM_8dkpxzhdaeMGDmC,https://eui.eu.qualtrics.com/ControlPanel/Graphic.php?IM=IM_4SWZs5hMSma3pT8,,immigration,https://eui.eu.qualtrics.com/jfe/form/SV_24X9nMInl5wOWTY?{e://Field/start_survey}&,,0
30/04/2021 10:24,30/04/2021 10:43,IP Address,131.100.2.104,100,1104,TRUE,30/04/2021 10:43,R_3HFDtyBeYCiU6Ft,,,,,21.30369568,-157.8666992,anonymous,EN,"I agree to participate, begin the study",45 - 54,Hawaii,Republican,,Slightly conservative,Interested,Male,10,90,It has not changed,Graduate degree,A little,I know someone who has had the disase,No,Kept the same,Black or African American,Men,Women,Men,Women,Social Media,Our border is not totally secured. ,0,0,136.448,0,0,0,8.175,0,Candidate B,Candidate B,Candidate A,Candidate B,Candidate B,Candidate B,Candidate B,Candidate B,Candidate B,Candidate B,Candidate B,Candidate B,Candidate A,Candidate A,Candidate A,Candidate A,Candidate A,Candidate A,Candidate A,Candidate A,The one that has the mind to confront challenges. ,I paid close attention to the candidate profiles.,nil,Independent,Democrat,Male,Male,Caucasian,African American,5 years ,15 years ,College,College,https://eui.eu.qualtrics.com/ControlPanel/Graphic.php?IM=IM_9N1WYP3bCADGAwm,https://eui.eu.qualtrics.com/ControlPanel/Graphic.php?IM=IM_1AmyW3PQYdcSOMK,Republican,Republican,Male,Female,Caucasian,Caucasian,5 years ,5 years ,College,High School,https://eui.eu.qualtrics.com/ControlPanel/Graphic.php?IM=IM_9N1WYP3bCADGAwm,https://eui.eu.qualtrics.com/ControlPanel/Graphic.php?IM=IM_9o7iqtqBhvKLMsS,Democrat,Democrat,Female,Male,Hispanic,African American,0 years,10 years ,High School,College,https://eui.eu.qualtrics.com/ControlPanel/Graphic.php?IM=IM_cHfyyiMy5p9Owmi,https://eui.eu.qualtrics.com/ControlPanel/Graphic.php?IM=IM_6Arb5xqSqoME5rE,Democrat,Republican,Female,Male,Asian,Hispanic,5 years , None,Graduate degree,College,https://eui.eu.qualtrics.com/ControlPanel/Graphic.php?IM=IM_42ZpZaxtqsxSCmW,https://eui.eu.qualtrics.com/ControlPanel/Graphic.php?IM=IM_ezlXMGH85z9JY4m,Independent,Independent,Male,Male,Caucasian,Hispanic,10 years , None,Graduate degree,College,https://eui.eu.qualtrics.com/ControlPanel/Graphic.php?IM=IM_9N1WYP3bCADGAwm,https://eui.eu.qualtrics.com/ControlPanel/Graphic.php?IM=IM_4SWZs5hMSma3pT8,Republican,Republican,Female,Male,Asian,Caucasian, None, None,Graduate degree,High School,https://eui.eu.qualtrics.com/ControlPanel/Graphic.php?IM=IM_1AmyW3PQYdcSOMK,https://eui.eu.qualtrics.com/ControlPanel/Graphic.php?IM=IM_42ZpZaxtqsxSCmW,Republican,Republican,Male,Male,Asian,African American,10 years , None,College,High School,https://eui.eu.qualtrics.com/ControlPanel/Graphic.php?IM=IM_5v6iF9e7d9iQWcm,https://eui.eu.qualtrics.com/ControlPanel/Graphic.php?IM=IM_1AmyW3PQYdcSOMK,Independent,Independent,Female,Female,Asian,Asian,10 years ,5 years ,High School,Graduate degree,https://eui.eu.qualtrics.com/ControlPanel/Graphic.php?IM=IM_ezlXMGH85z9JY4m,https://eui.eu.qualtrics.com/ControlPanel/Graphic.php?IM=IM_9N1WYP3bCADGAwm,,immigration,https://eui.eu.qualtrics.com/jfe/form/SV_24X9nMInl5wOWTY?{e://Field/start_survey}&,,0
30/04/2021 11:15,30/04/2021 11:15,IP Address,24.252.82.248,100,0,TRUE,30/04/2021 11:15,R_3h0xVNYbrdpWrRh,,,,,29.93170166,-90.1026001,anonymous,EN,,,,,,,,,,,,,,,,,,,,,,,,,,,,,,,,,,,,,,,,,,,,,,,,,,,,,,,,,,,,,,,,,,,,,,,,,,,,,,,,,,,,,,,,,,,,,,,,,,,,,,,,,,,,,,,,,,,,,,,,,,,,,,,,,,,,,,,,,,,,,,,,,,,,,,,,immigration,https://eui.eu.qualtrics.com/jfe/form/SV_24X9nMInl5wOWTY?{e://Field/start_survey}&,,1
30/04/2021 11:15,30/04/2021 11:27,IP Address,24.252.82.248,100,729,TRUE,30/04/2021 11:27,R_3flcjHDKOTUMsw4,,,,,29.93170166,-90.1026001,anonymous,EN,"I agree to participate, begin the study",65 - 74,Louisiana,Democrat,,Extremely liberal,Interested,Male,10,90,It is now a little better,Graduate degree,Very,I know someone who has had the disase,Yes,Kept the same,White,Men,Women,No difference,No difference,Social Media,"Because there is more than one source to the problem, and the consequences for both immigrant and US citizen are equally complicated.",0,0,165.859,0,0,0,35.607,0,Candidate A,Candidate A,Candidate B,Candidate B,Candidate B,Candidate B,Candidate B,Candidate B,Candidate B,Candidate B,Candidate B,Candidate B,Candidate A,Candidate A,Candidate A,Candidate A,Candidate B,Candidate B,Candidate B,Candidate B,To get out every day in the sunlight for a long bike ride in the park.,I paid close attention to the candidate profiles.,"None, thanks!",Democrat,Democrat,Male,Female,Asian,African American,10 years ,15 years ,College,College,https://eui.eu.qualtrics.com/ControlPanel/Graphic.php?IM=IM_4SWZs5hMSma3pT8,https://eui.eu.qualtrics.com/ControlPanel/Graphic.php?IM=IM_6Arb5xqSqoME5rE,Republican,Republican,Male,Male,Hispanic,Hispanic,5 years ,15 years ,Graduate degree,High School,https://eui.eu.qualtrics.com/ControlPanel/Graphic.php?IM=IM_6lhzy7XX6SMpvtc,https://eui.eu.qualtrics.com/ControlPanel/Graphic.php?IM=IM_4SWZs5hMSma3pT8,Democrat,Independent,Female,Female,Caucasian,Asian,15 years ,10 years ,High School,High School,https://eui.eu.qualtrics.com/ControlPanel/Graphic.php?IM=IM_7OO9IdmrIRDVMjA,https://eui.eu.qualtrics.com/ControlPanel/Graphic.php?IM=IM_6lhzy7XX6SMpvtc,Republican,Independent,Female,Female,Hispanic,Asian, None,0 years,High School,Graduate degree,https://eui.eu.qualtrics.com/ControlPanel/Graphic.php?IM=IM_7OO9IdmrIRDVMjA,https://eui.eu.qualtrics.com/ControlPanel/Graphic.php?IM=IM_abBFEsXUNaU4tdc,Independent,Independent,Male,Male,African American,Asian,0 years, None,High School,Graduate degree,https://eui.eu.qualtrics.com/ControlPanel/Graphic.php?IM=IM_9N1WYP3bCADGAwm,https://eui.eu.qualtrics.com/ControlPanel/Graphic.php?IM=IM_8dkpxzhdaeMGDmC,Democrat,Democrat,Male,Female,Hispanic,Asian, None, None,College,Graduate degree,https://eui.eu.qualtrics.com/ControlPanel/Graphic.php?IM=IM_abBFEsXUNaU4tdc,https://eui.eu.qualtrics.com/ControlPanel/Graphic.php?IM=IM_9N1WYP3bCADGAwm,Democrat,Independent,Female,Male,Caucasian,Asian,10 years ,15 years ,Graduate degree,High School,https://eui.eu.qualtrics.com/ControlPanel/Graphic.php?IM=IM_9o7iqtqBhvKLMsS,https://eui.eu.qualtrics.com/ControlPanel/Graphic.php?IM=IM_9o7iqtqBhvKLMsS,Democrat,Democrat,Female,Female,Asian,Caucasian,0 years,15 years ,High School,College,https://eui.eu.qualtrics.com/ControlPanel/Graphic.php?IM=IM_7OO9IdmrIRDVMjA,https://eui.eu.qualtrics.com/ControlPanel/Graphic.php?IM=IM_9N1WYP3bCADGAwm,,immigration,https://eui.eu.qualtrics.com/jfe/form/SV_24X9nMInl5wOWTY?{e://Field/start_survey}&,,0
30/04/2021 11:15,30/04/2021 11:39,IP Address,76.222.214.144,100,1450,TRUE,30/04/2021 11:39,R_2ziNaJrA5MMnOxr,,,,,42.17599487,-87.80899811,anonymous,EN,"I agree to participate, begin the study",65 - 74,Illinois,Republican,,Conservative,Very interested,Prefer not to say,0,51,It is now much worse,Some college,Not at all,I do not know anyone who has had it,Yes,Increased,White,Men,Women,Men,No difference,Social Media,"Too many people want to allow illegals to come in, or don't care.",0,0,10.604,0,0,0,14.914,0,Candidate A,Candidate B,Candidate A,Candidate A,Candidate A,Candidate B,Candidate B,Candidate B,Candidate B,Candidate A,Candidate A,Candidate A,Candidate B,Candidate B,Candidate B,Candidate B,Candidate B,Candidate A,Candidate A,Candidate A,I want to take a walk in warm weather.,I paid close attention to the candidate profiles.,tedious!,Republican,Independent,Male,Female,African American,Asian,15 years ,0 years,College,College,https://eui.eu.qualtrics.com/ControlPanel/Graphic.php?IM=IM_5v6iF9e7d9iQWcm,https://eui.eu.qualtrics.com/ControlPanel/Graphic.php?IM=IM_8dkpxzhdaeMGDmC,Democrat,Independent,Male,Male,African American,Caucasian,5 years ,0 years,High School,High School,https://eui.eu.qualtrics.com/ControlPanel/Graphic.php?IM=IM_5v6iF9e7d9iQWcm,https://eui.eu.qualtrics.com/ControlPanel/Graphic.php?IM=IM_abBFEsXUNaU4tdc,Independent,Democrat,Male,Female,Asian,Asian,15 years ,5 years ,High School,Graduate degree,https://eui.eu.qualtrics.com/ControlPanel/Graphic.php?IM=IM_abBFEsXUNaU4tdc,https://eui.eu.qualtrics.com/ControlPanel/Graphic.php?IM=IM_6lhzy7XX6SMpvtc,Republican,Democrat,Male,Female,Hispanic,Caucasian,15 years ,5 years ,High School,Graduate degree,https://eui.eu.qualtrics.com/ControlPanel/Graphic.php?IM=IM_42ZpZaxtqsxSCmW,https://eui.eu.qualtrics.com/ControlPanel/Graphic.php?IM=IM_cHfyyiMy5p9Owmi,Republican,Democrat,Female,Female,Asian,Caucasian, None,5 years ,High School,College,https://eui.eu.qualtrics.com/ControlPanel/Graphic.php?IM=IM_8dkpxzhdaeMGDmC,https://eui.eu.qualtrics.com/ControlPanel/Graphic.php?IM=IM_abBFEsXUNaU4tdc,Democrat,Independent,Female,Male,Hispanic,Hispanic,10 years ,15 years ,College,Graduate degree,https://eui.eu.qualtrics.com/ControlPanel/Graphic.php?IM=IM_4SWZs5hMSma3pT8,https://eui.eu.qualtrics.com/ControlPanel/Graphic.php?IM=IM_5v6iF9e7d9iQWcm,Democrat,Republican,Female,Female,Hispanic,Caucasian, None,15 years ,High School,Graduate degree,https://eui.eu.qualtrics.com/ControlPanel/Graphic.php?IM=IM_cHfyyiMy5p9Owmi,https://eui.eu.qualtrics.com/ControlPanel/Graphic.php?IM=IM_42ZpZaxtqsxSCmW,Democrat,Independent,Female,Female,Asian,Hispanic,0 years,5 years ,College,Graduate degree,https://eui.eu.qualtrics.com/ControlPanel/Graphic.php?IM=IM_ezlXMGH85z9JY4m,https://eui.eu.qualtrics.com/ControlPanel/Graphic.php?IM=IM_9o7iqtqBhvKLMsS,,immigration,https://eui.eu.qualtrics.com/jfe/form/SV_24X9nMInl5wOWTY?{e://Field/start_survey}&,,0
02/05/2021 19:40,02/05/2021 19:40,IP Address,98.109.203.33,100,0,TRUE,02/05/2021 19:40,R_2ZBoaj8ofeqxSBY,,,,,40.49920654,-74.49960327,anonymous,EN,,,,,,,,,,,,,,,,,,,,,,,,,,,,,,,,,,,,,,,,,,,,,,,,,,,,,,,,,,,,,,,,,,,,,,,,,,,,,,,,,,,,,,,,,,,,,,,,,,,,,,,,,,,,,,,,,,,,,,,,,,,,,,,,,,,,,,,,,,,,,,,,,,,,,,,,immigration,https://eui.eu.qualtrics.com/jfe/form/SV_24X9nMInl5wOWTY?{e://Field/start_survey}&,,1
04/05/2021 05:26,04/05/2021 05:26,IP Address,192.167.90.142,100,0,TRUE,04/05/2021 05:26,R_3rM3svwywHXghXb,,,,,43.78909302,11.2355957,anonymous,EN,,,,,,,,,,,,,,,,,,,,,,,,,,,,,,,,,,,,,,,,,,,,,,,,,,,,,,,,,,,,,,,,,,,,,,,,,,,,,,,,,,,,,,,,,,,,,,,,,,,,,,,,,,,,,,,,,,,,,,,,,,,,,,,,,,,,,,,,,,,,,,,,,,,,,,,,immigration,https://eui.eu.qualtrics.com/jfe/form/SV_24X9nMInl5wOWTY,19566,1
04/05/2021 05:26,04/05/2021 05:27,IP Address,192.167.90.142,100,63,TRUE,04/05/2021 05:27,R_24FPtu88uGZ9Y4b,,,,,43.78909302,11.2355957,anonymous,EN,"I agree to participate, begin the study",18 - 24,,,,,,,,,,,,,,,,,,,,Social Media,test1 rechanneled start in immi,0,0,5.835,0,0,0,5.945,0,,,,,,,,,,,,,,,,,,,,,,I paid close attention to the candidate profiles.,,Democrat,Republican,Female,Female,Caucasian,African American,10 years , None,Graduate degree,Graduate degree,https://eui.eu.qualtrics.com/ControlPanel/Graphic.php?IM=IM_8dkpxzhdaeMGDmC,https://eui.eu.qualtrics.com/ControlPanel/Graphic.php?IM=IM_6lhzy7XX6SMpvtc,Independent,Democrat,Male,Male,Caucasian,Hispanic,5 years ,0 years,Graduate degree,College,https://eui.eu.qualtrics.com/ControlPanel/Graphic.php?IM=IM_6Arb5xqSqoME5rE,https://eui.eu.qualtrics.com/ControlPanel/Graphic.php?IM=IM_aW2GdL0duOmr46W,Democrat,Democrat,Male,Female,African American,Asian,10 years ,0 years,High School,Graduate degree,https://eui.eu.qualtrics.com/ControlPanel/Graphic.php?IM=IM_5v6iF9e7d9iQWcm,https://eui.eu.qualtrics.com/ControlPanel/Graphic.php?IM=IM_4SWZs5hMSma3pT8,Republican,Republican,Female,Female,Asian,Caucasian,5 years ,0 years,High School,College,https://eui.eu.qualtrics.com/ControlPanel/Graphic.php?IM=IM_8dkpxzhdaeMGDmC,https://eui.eu.qualtrics.com/ControlPanel/Graphic.php?IM=IM_42ZpZaxtqsxSCmW,Republican,Republican,Male,Male,Asian,Caucasian,10 years ,0 years,College,College,https://eui.eu.qualtrics.com/ControlPanel/Graphic.php?IM=IM_5v6iF9e7d9iQWcm,https://eui.eu.qualtrics.com/ControlPanel/Graphic.php?IM=IM_9o7iqtqBhvKLMsS,Democrat,Republican,Female,Female,Hispanic,Asian,0 years,5 years ,High School,High School,https://eui.eu.qualtrics.com/ControlPanel/Graphic.php?IM=IM_9N1WYP3bCADGAwm,https://eui.eu.qualtrics.com/ControlPanel/Graphic.php?IM=IM_4SWZs5hMSma3pT8,Independent,Democrat,Male,Female,African American,Caucasian,10 years ,15 years ,Graduate degree,College,https://eui.eu.qualtrics.com/ControlPanel/Graphic.php?IM=IM_abBFEsXUNaU4tdc,https://eui.eu.qualtrics.com/ControlPanel/Graphic.php?IM=IM_5v6iF9e7d9iQWcm,Republican,Independent,Male,Male,Asian,Caucasian,0 years, None,College,High School,https://eui.eu.qualtrics.com/ControlPanel/Graphic.php?IM=IM_ezlXMGH85z9JY4m,https://eui.eu.qualtrics.com/ControlPanel/Graphic.php?IM=IM_5v6iF9e7d9iQWcm,,immigration,https://eui.eu.qualtrics.com/jfe/form/SV_24X9nMInl5wOWTY?{e://Field/start_survey}&&95209,37073,0
04/05/2021 05:29,04/05/2021 05:30,IP Address,192.167.90.142,100,55,TRUE,04/05/2021 05:30,R_1FDtdBYJlWEbQxs,,,,,43.78909302,11.2355957,anonymous,EN,"I agree to participate, begin the study",18 - 24,,,,,,,,,,,,,,,,,,,,Social Media,test 2 start covid no redirect,0,0,5.794,0,0,0,5.842,0,,,,,,,,,,,,,,,,,,,,,,,,Republican,Independent,Male,Male,Caucasian,African American,15 years , None,College,Graduate degree,https://eui.eu.qualtrics.com/ControlPanel/Graphic.php?IM=IM_6lhzy7XX6SMpvtc,https://eui.eu.qualtrics.com/ControlPanel/Graphic.php?IM=IM_5v6iF9e7d9iQWcm,Republican,Republican,Male,Female,Hispanic,Hispanic, None, None,High School,High School,https://eui.eu.qualtrics.com/ControlPanel/Graphic.php?IM=IM_6Arb5xqSqoME5rE,https://eui.eu.qualtrics.com/ControlPanel/Graphic.php?IM=IM_ezlXMGH85z9JY4m,Democrat,Democrat,Male,Female,African American,Asian,0 years, None,High School,College,https://eui.eu.qualtrics.com/ControlPanel/Graphic.php?IM=IM_ezlXMGH85z9JY4m,https://eui.eu.qualtrics.com/ControlPanel/Graphic.php?IM=IM_ezlXMGH85z9JY4m,Independent,Republican,Male,Male,African American,African American,10 years ,10 years ,Graduate degree,College,https://eui.eu.qualtrics.com/ControlPanel/Graphic.php?IM=IM_abBFEsXUNaU4tdc,https://eui.eu.qualtrics.com/ControlPanel/Graphic.php?IM=IM_7OO9IdmrIRDVMjA,Democrat,Independent,Male,Male,African American,Caucasian,0 years, None,Graduate degree,Graduate degree,https://eui.eu.qualtrics.com/ControlPanel/Graphic.php?IM=IM_9o7iqtqBhvKLMsS,https://eui.eu.qualtrics.com/ControlPanel/Graphic.php?IM=IM_6lhzy7XX6SMpvtc,Democrat,Republican,Female,Female,African American,African American,5 years ,15 years ,Graduate degree,Graduate degree,https://eui.eu.qualtrics.com/ControlPanel/Graphic.php?IM=IM_42ZpZaxtqsxSCmW,https://eui.eu.qualtrics.com/ControlPanel/Graphic.php?IM=IM_ezlXMGH85z9JY4m,Democrat,Republican,Female,Male,Caucasian,Hispanic,5 years ,0 years,College,College,https://eui.eu.qualtrics.com/ControlPanel/Graphic.php?IM=IM_7OO9IdmrIRDVMjA,https://eui.eu.qualtrics.com/ControlPanel/Graphic.php?IM=IM_5v6iF9e7d9iQWcm,Independent,Republican,Female,Male,Caucasian,Asian,15 years ,15 years ,High School,Graduate degree,https://eui.eu.qualtrics.com/ControlPanel/Graphic.php?IM=IM_42ZpZaxtqsxSCmW,https://eui.eu.qualtrics.com/ControlPanel/Graphic.php?IM=IM_42ZpZaxtqsxSCmW,,immigration,https://eui.eu.qualtrics.com/jfe/form/SV_24X9nMInl5wOWTY?{e://Field/start_survey}&&97669,57024,0
04/05/2021 05:30,04/05/2021 05:31,IP Address,192.167.90.142,100,69,TRUE,04/05/2021 05:31,R_1QiH829WcNcX9JH,,,,,43.78909302,11.2355957,anonymous,EN,"I agree to participate, begin the study",18 - 24,,,,,,,,,,,,,,,,,,,,Social Media,,0,0,6.29,0,0,0,5.966,0,,,,,,,,,,,,,,,,,,,,,,,,Independent,Independent,Male,Female,African American,Caucasian,0 years,15 years ,High School,Graduate degree,https://eui.eu.qualtrics.com/ControlPanel/Graphic.php?IM=IM_ezlXMGH85z9JY4m,https://eui.eu.qualtrics.com/ControlPanel/Graphic.php?IM=IM_42ZpZaxtqsxSCmW,Independent,Democrat,Female,Male,Asian,Hispanic, None,5 years ,High School,High School,https://eui.eu.qualtrics.com/ControlPanel/Graphic.php?IM=IM_5v6iF9e7d9iQWcm,https://eui.eu.qualtrics.com/ControlPanel/Graphic.php?IM=IM_6lhzy7XX6SMpvtc,Independent,Democrat,Male,Female,African American,Hispanic,5 years ,15 years ,Graduate degree,High School,https://eui.eu.qualtrics.com/ControlPanel/Graphic.php?IM=IM_9N1WYP3bCADGAwm,https://eui.eu.qualtrics.com/ControlPanel/Graphic.php?IM=IM_cHfyyiMy5p9Owmi,Republican,Independent,Female,Female,Hispanic,Caucasian,10 years ,0 years,Graduate degree,Graduate degree,https://eui.eu.qualtrics.com/ControlPanel/Graphic.php?IM=IM_ezlXMGH85z9JY4m,https://eui.eu.qualtrics.com/ControlPanel/Graphic.php?IM=IM_6lhzy7XX6SMpvtc,Democrat,Republican,Male,Female,Caucasian,Asian,15 years , None,High School,College,https://eui.eu.qualtrics.com/ControlPanel/Graphic.php?IM=IM_9N1WYP3bCADGAwm,https://eui.eu.qualtrics.com/ControlPanel/Graphic.php?IM=IM_abBFEsXUNaU4tdc,Independent,Republican,Male,Female,Caucasian,Hispanic,5 years ,10 years ,High School,College,https://eui.eu.qualtrics.com/ControlPanel/Graphic.php?IM=IM_7OO9IdmrIRDVMjA,https://eui.eu.qualtrics.com/ControlPanel/Graphic.php?IM=IM_5v6iF9e7d9iQWcm,Democrat,Republican,Female,Female,African American,Asian,5 years ,10 years ,High School,College,https://eui.eu.qualtrics.com/ControlPanel/Graphic.php?IM=IM_abBFEsXUNaU4tdc,https://eui.eu.qualtrics.com/ControlPanel/Graphic.php?IM=IM_8dkpxzhdaeMGDmC,Democrat,Republican,Female,Male,Hispanic,Hispanic,0 years,0 years,Graduate degree,High School,https://eui.eu.qualtrics.com/ControlPanel/Graphic.php?IM=IM_6lhzy7XX6SMpvtc,https://eui.eu.qualtrics.com/ControlPanel/Graphic.php?IM=IM_8dkpxzhdaeMGDmC,,immigration,https://eui.eu.qualtrics.com/jfe/form/SV_24X9nMInl5wOWTY?{e://Field/start_survey}&&48690,69494,0
04/05/2021 05:39,04/05/2021 05:40,IP Address,192.167.90.142,100,56,TRUE,04/05/2021 05:40,R_O1HO0fucXFZ7XKF,,,,,43.78909302,11.2355957,anonymous,EN,"I agree to participate, begin the study",18 - 24,,Republican,,,,,,,,,,,,,,,,,,Social Media,,0,0,5.829,0,5.667,5.667,6.007,1,Candidate A,Candidate A,,,,,,,,,,,,,,,,,,,,,,Independent,Independent,Male,Female,Asian,African American,0 years,10 years ,High School,College,https://eui.eu.qualtrics.com/ControlPanel/Graphic.php?IM=IM_abBFEsXUNaU4tdc,https://eui.eu.qualtrics.com/ControlPanel/Graphic.php?IM=IM_6Arb5xqSqoME5rE,Democrat,Independent,Female,Female,Caucasian,Caucasian,15 years ,5 years ,College,Graduate degree,https://eui.eu.qualtrics.com/ControlPanel/Graphic.php?IM=IM_1AmyW3PQYdcSOMK,https://eui.eu.qualtrics.com/ControlPanel/Graphic.php?IM=IM_5v6iF9e7d9iQWcm,Republican,Independent,Female,Female,Hispanic,Caucasian,0 years,0 years,Graduate degree,College,https://eui.eu.qualtrics.com/ControlPanel/Graphic.php?IM=IM_9N1WYP3bCADGAwm,https://eui.eu.qualtrics.com/ControlPanel/Graphic.php?IM=IM_cHfyyiMy5p9Owmi,Independent,Democrat,Male,Male,Asian,Caucasian, None,10 years ,High School,College,https://eui.eu.qualtrics.com/ControlPanel/Graphic.php?IM=IM_7OO9IdmrIRDVMjA,https://eui.eu.qualtrics.com/ControlPanel/Graphic.php?IM=IM_7OO9IdmrIRDVMjA,Democrat,Democrat,Female,Female,Hispanic,Asian,0 years,0 years,College,College,https://eui.eu.qualtrics.com/ControlPanel/Graphic.php?IM=IM_abBFEsXUNaU4tdc,https://eui.eu.qualtrics.com/ControlPanel/Graphic.php?IM=IM_7OO9IdmrIRDVMjA,Democrat,Republican,Female,Female,African American,Asian,15 years ,10 years ,College,College,https://eui.eu.qualtrics.com/ControlPanel/Graphic.php?IM=IM_4SWZs5hMSma3pT8,https://eui.eu.qualtrics.com/ControlPanel/Graphic.php?IM=IM_42ZpZaxtqsxSCmW,Republican,Republican,Female,Female,Caucasian,Asian,15 years , None,Graduate degree,College,https://eui.eu.qualtrics.com/ControlPanel/Graphic.php?IM=IM_ezlXMGH85z9JY4m,https://eui.eu.qualtrics.com/ControlPanel/Graphic.php?IM=IM_9N1WYP3bCADGAwm,Republican,Democrat,Female,Male,Hispanic,Caucasian, None,5 years ,High School,Graduate degree,https://eui.eu.qualtrics.com/ControlPanel/Graphic.php?IM=IM_4SWZs5hMSma3pT8,https://eui.eu.qualtrics.com/ControlPanel/Graphic.php?IM=IM_abBFEsXUNaU4tdc,,immigration,https://eui.eu.qualtrics.com/jfe/form/SV_24X9nMInl5wOWTY,22187,0
04/05/2021 05:43,04/05/2021 05:44,IP Address,192.167.90.142,100,56,TRUE,04/05/2021 05:44,R_0vxxH7PP6G8Syqd,,,,,43.78909302,11.2355957,anonymous,EN,"I agree to participate, begin the study",18 - 24,,,,,,,,,,,,,,,,,,,,,,0,0,5.932,0,0,0,6.173,0,,Candidate A,,,,,,,,,,,,,,,,,,,,,,Independent,Democrat,Male,Female,African American,African American,5 years ,0 years,High School,High School,https://eui.eu.qualtrics.com/ControlPanel/Graphic.php?IM=IM_7OO9IdmrIRDVMjA,https://eui.eu.qualtrics.com/ControlPanel/Graphic.php?IM=IM_9N1WYP3bCADGAwm,Independent,Independent,Female,Female,Caucasian,Caucasian,10 years ,0 years,College,High School,https://eui.eu.qualtrics.com/ControlPanel/Graphic.php?IM=IM_7OO9IdmrIRDVMjA,https://eui.eu.qualtrics.com/ControlPanel/Graphic.php?IM=IM_6Arb5xqSqoME5rE,Democrat,Independent,Female,Female,Asian,African American, None,15 years ,Graduate degree,College,https://eui.eu.qualtrics.com/ControlPanel/Graphic.php?IM=IM_7OO9IdmrIRDVMjA,https://eui.eu.qualtrics.com/ControlPanel/Graphic.php?IM=IM_4SWZs5hMSma3pT8,Democrat,Democrat,Female,Male,Hispanic,African American,15 years ,5 years ,College,College,https://eui.eu.qualtrics.com/ControlPanel/Graphic.php?IM=IM_8dkpxzhdaeMGDmC,https://eui.eu.qualtrics.com/ControlPanel/Graphic.php?IM=IM_42ZpZaxtqsxSCmW,Independent,Democrat,Male,Male,Caucasian,Hispanic,10 years , None,College,High School,https://eui.eu.qualtrics.com/ControlPanel/Graphic.php?IM=IM_1AmyW3PQYdcSOMK,https://eui.eu.qualtrics.com/ControlPanel/Graphic.php?IM=IM_4SWZs5hMSma3pT8,Republican,Democrat,Male,Male,Hispanic,Hispanic,15 years ,5 years ,Graduate degree,Graduate degree,https://eui.eu.qualtrics.com/ControlPanel/Graphic.php?IM=IM_1AmyW3PQYdcSOMK,https://eui.eu.qualtrics.com/ControlPanel/Graphic.php?IM=IM_5v6iF9e7d9iQWcm,Democrat,Democrat,Female,Female,African American,African American,5 years ,15 years ,Graduate degree,High School,https://eui.eu.qualtrics.com/ControlPanel/Graphic.php?IM=IM_1AmyW3PQYdcSOMK,https://eui.eu.qualtrics.com/ControlPanel/Graphic.php?IM=IM_7OO9IdmrIRDVMjA,Independent,Democrat,Female,Male,African American,Asian,15 years ,5 years ,High School,High School,https://eui.eu.qualtrics.com/ControlPanel/Graphic.php?IM=IM_6Arb5xqSqoME5rE,https://eui.eu.qualtrics.com/ControlPanel/Graphic.php?IM=IM_cHfyyiMy5p9Owmi,,covid,https://eui.eu.qualtrics.com/jfe/form/SV_24X9nMInl5wOWTY?start_survey=covid&ref=&Random_ID=20760,20760,
04/05/2021 05:45,04/05/2021 05:46,IP Address,192.167.90.142,100,68,TRUE,04/05/2021 05:46,R_2f3a2F52R6SnHR1,,,,,43.78909302,11.2355957,anonymous,EN,"I agree to participate, begin the study",25 - 34,,Republican,,,,,,,,,,,,,,,,,,,from covid,0,0,14.453,0,0,0,6.041,0,,,,,,,,,,,,,,,,,,,,,,I paid close attention to the candidate profiles.,,Republican,Democrat,Female,Female,Asian,Hispanic, None,0 years,Graduate degree,College,https://eui.eu.qualtrics.com/ControlPanel/Graphic.php?IM=IM_9o7iqtqBhvKLMsS,https://eui.eu.qualtrics.com/ControlPanel/Graphic.php?IM=IM_6Arb5xqSqoME5rE,Democrat,Democrat,Male,Female,Caucasian,Asian,15 years ,15 years ,Graduate degree,College,https://eui.eu.qualtrics.com/ControlPanel/Graphic.php?IM=IM_8dkpxzhdaeMGDmC,https://eui.eu.qualtrics.com/ControlPanel/Graphic.php?IM=IM_4SWZs5hMSma3pT8,Democrat,Democrat,Female,Female,Caucasian,Asian, None,5 years ,High School,High School,https://eui.eu.qualtrics.com/ControlPanel/Graphic.php?IM=IM_ezlXMGH85z9JY4m,https://eui.eu.qualtrics.com/ControlPanel/Graphic.php?IM=IM_9N1WYP3bCADGAwm,Democrat,Democrat,Male,Male,Asian,African American,10 years ,0 years,College,Graduate degree,https://eui.eu.qualtrics.com/ControlPanel/Graphic.php?IM=IM_abBFEsXUNaU4tdc,https://eui.eu.qualtrics.com/ControlPanel/Graphic.php?IM=IM_42ZpZaxtqsxSCmW,Independent,Democrat,Male,Female,Hispanic,Asian, None,15 years ,College,High School,https://eui.eu.qualtrics.com/ControlPanel/Graphic.php?IM=IM_abBFEsXUNaU4tdc,https://eui.eu.qualtrics.com/ControlPanel/Graphic.php?IM=IM_42ZpZaxtqsxSCmW,Independent,Democrat,Male,Male,African American,Hispanic,10 years ,15 years ,Graduate degree,High School,https://eui.eu.qualtrics.com/ControlPanel/Graphic.php?IM=IM_42ZpZaxtqsxSCmW,https://eui.eu.qualtrics.com/ControlPanel/Graphic.php?IM=IM_1AmyW3PQYdcSOMK,Democrat,Republican,Female,Female,African American,African American,15 years ,5 years ,High School,Graduate degree,https://eui.eu.qualtrics.com/ControlPanel/Graphic.php?IM=IM_aW2GdL0duOmr46W,https://eui.eu.qualtrics.com/ControlPanel/Graphic.php?IM=IM_5v6iF9e7d9iQWcm,Democrat,Democrat,Male,Female,Asian,Asian,10 years , None,College,Graduate degree,https://eui.eu.qualtrics.com/ControlPanel/Graphic.php?IM=IM_9N1WYP3bCADGAwm,https://eui.eu.qualtrics.com/ControlPanel/Graphic.php?IM=IM_8dkpxzhdaeMGDmC,,covid,https://eui.eu.qualtrics.com/jfe/form/SV_24X9nMInl5wOWTY?start_survey=covid&ref=&Random_ID=13619,13619,
04/05/2021 05:47,04/05/2021 05:48,IP Address,192.167.90.142,100,58,TRUE,04/05/2021 05:48,R_2SxerZNj6AbVHi9,,,,,43.78909302,11.2355957,anonymous,EN,"I agree to participate, begin the study",65 - 74,,,,,,,,,,,,,,,,,,,,Social Media,coming from covid 1348,0,0,6.278,0,0,0,6.002,0,,,,,,,,,,,,,,,,,,,,,,,,Republican,Republican,Male,Female,Caucasian,African American,0 years,10 years ,Graduate degree,High School,https://eui.eu.qualtrics.com/ControlPanel/Graphic.php?IM=IM_9o7iqtqBhvKLMsS,https://eui.eu.qualtrics.com/ControlPanel/Graphic.php?IM=IM_1AmyW3PQYdcSOMK,Independent,Independent,Female,Female,Hispanic,Asian,10 years , None,Graduate degree,Graduate degree,https://eui.eu.qualtrics.com/ControlPanel/Graphic.php?IM=IM_9N1WYP3bCADGAwm,https://eui.eu.qualtrics.com/ControlPanel/Graphic.php?IM=IM_abBFEsXUNaU4tdc,Independent,Republican,Male,Male,Asian,Hispanic, None, None,Graduate degree,Graduate degree,https://eui.eu.qualtrics.com/ControlPanel/Graphic.php?IM=IM_6Arb5xqSqoME5rE,https://eui.eu.qualtrics.com/ControlPanel/Graphic.php?IM=IM_1AmyW3PQYdcSOMK,Republican,Democrat,Male,Female,Asian,African American,5 years ,10 years ,High School,Graduate degree,https://eui.eu.qualtrics.com/ControlPanel/Graphic.php?IM=IM_6lhzy7XX6SMpvtc,https://eui.eu.qualtrics.com/ControlPanel/Graphic.php?IM=IM_abBFEsXUNaU4tdc,Independent,Democrat,Female,Female,African American,African American,10 years , None,High School,High School,https://eui.eu.qualtrics.com/ControlPanel/Graphic.php?IM=IM_9o7iqtqBhvKLMsS,https://eui.eu.qualtrics.com/ControlPanel/Graphic.php?IM=IM_6lhzy7XX6SMpvtc,Democrat,Democrat,Female,Male,Asian,Asian,0 years, None,Graduate degree,High School,https://eui.eu.qualtrics.com/ControlPanel/Graphic.php?IM=IM_9N1WYP3bCADGAwm,https://eui.eu.qualtrics.com/ControlPanel/Graphic.php?IM=IM_7OO9IdmrIRDVMjA,Republican,Democrat,Female,Female,Hispanic,Hispanic,15 years ,15 years ,High School,College,https://eui.eu.qualtrics.com/ControlPanel/Graphic.php?IM=IM_cHfyyiMy5p9Owmi,https://eui.eu.qualtrics.com/ControlPanel/Graphic.php?IM=IM_7OO9IdmrIRDVMjA,Democrat,Republican,Male,Female,Asian,Caucasian,5 years ,5 years ,High School,Graduate degree,https://eui.eu.qualtrics.com/ControlPanel/Graphic.php?IM=IM_aW2GdL0duOmr46W,https://eui.eu.qualtrics.com/ControlPanel/Graphic.php?IM=IM_4SWZs5hMSma3pT8,,covid,https://eui.eu.qualtrics.com/jfe/form/SV_24X9nMInl5wOWTY?start_survey=covid&ref=&Random_ID=79098,79098,
